nombre,etiqueta
Defensa Justicia,EQUIPO
Ldu Quito,EQUIPO
Colo Colo,EQUIPO
Cobreloa,EQUIPO
Deportes Pereira,EQUIPO
Santa Fe,EQUIPO
Hartford Athletic,EQUIPO
Rio Grande,EQUIPO
Union Omaha Sc,EQUIPO
Charlotte,EQUIPO
Cincinnati,EQUIPO
New York,EQUIPO
Charlotte Fc,EQUIPO
Toronto,EQUIPO
Montreal,EQUIPO
Houston,EQUIPO
New England,EQUIPO
Columbus,EQUIPO
Philadelphia,EQUIPO
Atlanta Utd,EQUIPO
Cd Independiente Juniors,EQUIPO
Cd America de Quito,EQUIPO
Llaneros Fc,EQUIPO
Patriotas,EQUIPO
Depor Saprissa,EQUIPO
Real Esteli,EQUIPO
Internacional,EQUIPO
Fluminense,EQUIPO
Austin Fc,EQUIPO
Dc United,EQUIPO
Chicago,EQUIPO
Inter Miami Cf,EQUIPO
Nashville Sc,EQUIPO
Orlando City,EQUIPO
Dallas,EQUIPO
Colorado,EQUIPO
Royal Pari Sion,EQUIPO
Oriente Petrolero,EQUIPO
El Paso Locomotive Fc,EQUIPO
San Diego Loyal Sc,EQUIPO
El Paso Locomotive Fc,EQUIPO
San Diego Loyal Sc,EQUIPO
Necaxa,EQUIPO
Cruz Azul,EQUIPO
Pumas Unam,EQUIPO
Queretaro,EQUIPO
Mineros de Zacatecas,EQUIPO
Venados,EQUIPO
Atl Nacional,EQUIPO
Rionegro Aguilas,EQUIPO
Antigua Gfc,EQUIPO
Deportivo Mixco,EQUIPO
Orange County,EQUIPO
Oakland Roots Sc,EQUIPO
Herediano,EQUIPO
Comunicaciones,EQUIPO
Cv Fuego Fc,EQUIPO
Greenville Triumph,EQUIPO
Los Angeles Fc,EQUIPO
Minnesota Utd,EQUIPO
Vancouver,EQUIPO
Saint Louis City Sc,EQUIPO
Seattle,EQUIPO
Los Angeles,EQUIPO
Santos Laguna,EQUIPO
Club Tijuana,EQUIPO
Tigres Uanl,EQUIPO
Toluca,EQUIPO
Atletico Morelia Sa Cv,EQUIPO
Oaxaca,EQUIPO
Macarthur Fc,EQUIPO
Dh Cebu Fc,EQUIPO
Fc Ulaanbaatar,EQUIPO
Taichung Futuro Fc,EQUIPO
Fc Osaka,EQUIPO
Kagoshima United,EQUIPO
Fc Noah,EQUIPO
Bkma Yerevan,EQUIPO
Hougang Utd,EQUIPO
Vicem Hai Phong,EQUIPO
Phnom Penh Crown,EQUIPO
Shan United,EQUIPO
Psm Makassar,EQUIPO
Sabah,EQUIPO
Dhamk,EQUIPO
Al Hazm,EQUIPO
Merw Mary,EQUIPO
Fc Abdysh-Ata Kant,EQUIPO
Tainan City Fc,EQUIPO
Cpk,EQUIPO
Fc Masr,EQUIPO
Baladiyyat al Mehalla,EQUIPO
Al Salam,EQUIPO
Fanja Sc,EQUIPO
Fk Turon,EQUIPO
Metallurg Bekabad,EQUIPO
Az Picerno,EQUIPO
Taranto Fc,EQUIPO
Monterosi,EQUIPO
Perugia,EQUIPO
Astana,EQUIPO
Viktoria Plzen,EQUIPO
Jamshedpur Fc,EQUIPO
Hyderabad Fc,EQUIPO
Al Riyadh,EQUIPO
Al Shabab (riyadh),EQUIPO
Al Taawon,EQUIPO
Al Tai,EQUIPO
Smouha,EQUIPO
Al Mokaw al Arab,EQUIPO
Ironi Tiberias,EQUIPO
Hapoel Nazareth,EQUIPO
Sc Kfar Qasem,EQUIPO
Ihud Bnei Shefa-Amr,EQUIPO
Hapoel Kiryat Shmona,EQUIPO
Maccabi Yafo Kabilyo,EQUIPO
Hapoel Umm al Fahm,EQUIPO
Hapoel Afula,EQUIPO
Maccabi Herzliya,EQUIPO
Hapoel Rishon Letzion,EQUIPO
Usd Recanatese 1923,EQUIPO
Vis Pesaro 1898,EQUIPO
Spal 2013,EQUIPO
Usd Sestri Levante 1919,EQUIPO
Backa Topola,EQUIPO
Olympiacos,EQUIPO
Freiburg,EQUIPO
West Ham,EQUIPO
Aek Athens,EQUIPO
Ajax,EQUIPO
Marseille,EQUIPO
Brighton,EQUIPO
Aris Limassol,EQUIPO
Rangers,EQUIPO
Betis,EQUIPO
Sparta Prague,EQUIPO
Rakow Czestochowa,EQUIPO
Sturm Graz,EQUIPO
Sporting Lisbon,EQUIPO
Atalanta,EQUIPO
Ki Klaksvik,EQUIPO
Lille,EQUIPO
Olimpija Ljublj,EQUIPO
Slovan Bratislava,EQUIPO
Gent,EQUIPO
Maccabi Tel Aviv,EQUIPO
Breidablik,EQUIPO
Zoria Luhansk,EQUIPO
Bodo Glimt,EQUIPO
Club Brugge,EQUIPO
Besiktas,EQUIPO
Lugano,EQUIPO
Fc Ballkani,EQUIPO
Dinamo Zagreb,EQUIPO
Pitea If,EQUIPO
Umea,EQUIPO
Cfr Cluj,EQUIPO
Acs Sepsi,EQUIPO
Fc Andorra,EQUIPO
Zaragoza,EQUIPO
Mirandes,EQUIPO
Eibar,EQUIPO
L Entregu Cf,EQUIPO
Club Marino de Luanco,EQUIPO
Sekhukhune United,EQUIPO
Golden Arrows,EQUIPO
Al Ittifaq,EQUIPO
Al Fateh,EQUIPO
Delfino Pescara 1936,EQUIPO
Fermana,EQUIPO
Rimini,EQUIPO
Gubbio,EQUIPO
Hacken,EQUIPO
Qarabagh,EQUIPO
Molde,EQUIPO
Leverkusen,EQUIPO
Slavia Prague,EQUIPO
Sheriff Tiraspol,EQUIPO
Roma,EQUIPO
Servette,EQUIPO
Maccabi Haifa,EQUIPO
Panathinaikos,EQUIPO
Villarreal,EQUIPO
Rennes,EQUIPO
Toulouse,EQUIPO
Lask Linz,EQUIPO
Liverpool,EQUIPO
Union Saint-Gilloise,EQUIPO
Spartak Trnava,EQUIPO
Fenerbahce,EQUIPO
Nordsjaelland,EQUIPO
Ludogorets,EQUIPO
Aberdeen,EQUIPO
Helsinki,EQUIPO
Paok,EQUIPO
Eintracht Frankfurt,EQUIPO
Cukaricki,EQUIPO
Genk,EQUIPO
Fiorentina,EQUIPO
Ferencvaros,EQUIPO
Az Alkmaar,EQUIPO
Legia Warsaw,EQUIPO
Aston Villa,EQUIPO
Zrinjski,EQUIPO
Maghreb Tetouan,EQUIPO
Fath Rabat,EQUIPO
Atletico Palmaflor Vinto,EQUIPO
Vaca Diez,EQUIPO
Cartagena,EQUIPO
Espanyol,EQUIPO
Racing Ferrol,EQUIPO
Amorebieta,EQUIPO
Tigres Fc,EQUIPO
Dep Quindio,EQUIPO
Chapecoense,EQUIPO
Abc Natal,EQUIPO
Indep Medellin,EQUIPO
Depor Cucuta,EQUIPO
Racing Montevideo,EQUIPO
Nacional,EQUIPO
Tapatio,EQUIPO
Cimarrones,EQUIPO
Cuniburo Fc,EQUIPO
Depor Macara,EQUIPO
Guabira,EQUIPO
Blooming,EQUIPO
Palmeiras,EQUIPO
Boca Juniors,EQUIPO
Altyn Asyr Fc,EQUIPO
Fc Ravshan,EQUIPO
Cancun Fc,EQUIPO
Univ. Guadalajara,EQUIPO
Alianza Petrolera,EQUIPO
Millonarios,EQUIPO
Alajuelense,EQUIPO
Cartagines,EQUIPO
Tepatitlan,EQUIPO
Club Atletico La Paz,EQUIPO
Ps Tira,EQUIPO
Persis Solo,EQUIPO
Rans Nusantara,EQUIPO
Psis Semarang,EQUIPO
Fc Polissya,EQUIPO
Dynamo Kiev,EQUIPO
Empoli,EQUIPO
Udinese,EQUIPO
Kaiserslautern,EQUIPO
Hannover 96,EQUIPO
Fortuna Dusseldorf,EQUIPO
Osnabruck,EQUIPO
Alanyaspor,EQUIPO
Centone Karagumruk,EQUIPO
Adana Demirspor,EQUIPO
Trabzonspor,EQUIPO
Silkeborg,EQUIPO
Lyngby,EQUIPO
Volendam,EQUIPO
Utrecht,EQUIPO
Gladbach,EQUIPO
Mainz 05,EQUIPO
Brescia,EQUIPO
Feralpisalo,EQUIPO
Lecce,EQUIPO
Sassuolo,EQUIPO
Charleroi,EQUIPO
Rwd Molenbeek 47,EQUIPO
Athletic Bilbao,EQUIPO
Almeria,EQUIPO
Strasbourg,EQUIPO
Nantes,EQUIPO
Birmingham,EQUIPO
West Brom,EQUIPO
Moreirense,EQUIPO
Boavista,EQUIPO
Union La Calera,EQUIPO
Huachipato,EQUIPO
Rosario Central,EQUIPO
Huracan,EQUIPO
Mazatlan Fc,EQUIPO
Club America,EQUIPO
Greuther Furth,EQUIPO
Hansa Rostock,EQUIPO
Wehen,EQUIPO
Hamburg,EQUIPO
Magdeburg,EQUIPO
Karlsruher,EQUIPO
Luton,EQUIPO
Tottenham,EQUIPO
Sunderland,EQUIPO
Middlesbrough,EQUIPO
Cadiz,EQUIPO
Girona,EQUIPO
Cosenza,EQUIPO
Calcio Lecco 1912,EQUIPO
Reggiana,EQUIPO
Bari,EQUIPO
Modena,EQUIPO
Palermo,EQUIPO
Sudtirol,EQUIPO
Catanzaro,EQUIPO
Inter,EQUIPO
Bologna,EQUIPO
Bordeaux,EQUIPO
Laval,EQUIPO
Ankaragucu,EQUIPO
Kayserispor,EQUIPO
Aik Stockholm,EQUIPO
Mjallby,EQUIPO
Halmstad,EQUIPO
Degerfors,EQUIPO
Rb Leipzig,EQUIPO
Bochum,EQUIPO
Augsburg,EQUIPO
Darmstadt,EQUIPO
Dortmund,EQUIPO
Union Berlin,EQUIPO
Stuttgart,EQUIPO
Wolfsburg,EQUIPO
Manchester Utd,EQUIPO
Brentford,EQUIPO
Fulham,EQUIPO
Sheffield Utd,EQUIPO
Everton,EQUIPO
Bournemouth,EQUIPO
Burnley,EQUIPO
Chelsea,EQUIPO
Cercle Brugge,EQUIPO
Oh Leuven,EQUIPO
Leicester,EQUIPO
Stoke,EQUIPO
Ipswich,EQUIPO
Preston,EQUIPO
Leeds,EQUIPO
Bristol City,EQUIPO
Millwall,EQUIPO
Hull,EQUIPO
Plymouth,EQUIPO
Swansea,EQUIPO
Southampton,EQUIPO
Rotherham,EQUIPO
Sheffield Wed,EQUIPO
Huddersfield,EQUIPO
Qpr,EQUIPO
Blackburn,EQUIPO
Real Madrid,EQUIPO
Osasuna,EQUIPO
Unione Venezia,EQUIPO
Parma,EQUIPO
Cittadella,EQUIPO
Ternana,EQUIPO
Ascoli Picchio,EQUIPO
Sampdoria,EQUIPO
Heerenveen,EQUIPO
Nijmegen,EQUIPO
Farense,EQUIPO
Vizela,EQUIPO
Chaves,EQUIPO
Gil Vicente,EQUIPO
Metz,EQUIPO
Nice,EQUIPO
Austria Lustenau,EQUIPO
Rapid Vienna,EQUIPO
Hartberg,EQUIPO
Wsg Wattens,EQUIPO
Austria Vienna,EQUIPO
Blau-Weiss Linz,EQUIPO
Gothenburg,EQUIPO
Sirius,EQUIPO
Curico,EQUIPO
Cobresal,EQUIPO
Juventus,EQUIPO
Torino,EQUIPO
Basaksehir,EQUIPO
Gaziantep Bld Spor,EQUIPO
Antalyaspor,EQUIPO
Galatasaray,EQUIPO
Odds Bk,EQUIPO
Viking,EQUIPO
Westerlo,EQUIPO
Kortrijk,EQUIPO
Crystal Palace,EQUIPO
Nottingham F,EQUIPO
Mallorca,EQUIPO
Valencia,EQUIPO
Werder Bremen,EQUIPO
Hoffenheim,EQUIPO
Almere City,EQUIPO
Waalwijk,EQUIPO
Valenciennes,EQUIPO
Troyes,EQUIPO
Amiens,EQUIPO
Angers,EQUIPO
Guingamp,EQUIPO
Grenoble,EQUIPO
St Etienne,EQUIPO
Ajaccio,EQUIPO
Paris Fc,EQUIPO
Auxerre,EQUIPO
Rodez Aveyron,EQUIPO
Caen,EQUIPO
Quevilly,EQUIPO
Pau Fc,EQUIPO
Concarneau,EQUIPO
Dunkerque,EQUIPO
Bastia,EQUIPO
Annecy Fc,EQUIPO
Braga,EQUIPO
Rio Ave,EQUIPO
Depor Municipal,EQUIPO
Cienciano,EQUIPO
Go Ahead Eagles,EQUIPO
Heracles,EQUIPO
O Higgins,EQUIPO
Univ Catolica,EQUIPO
St Pauli,EQUIPO
Nurnberg,EQUIPO
Genoa,EQUIPO
Milan,EQUIPO
Anderlecht,EQUIPO
Mechelen,EQUIPO
Sevilla,EQUIPO
Rayo Vallecano,EQUIPO
Reims,EQUIPO
Monaco,EQUIPO
Vitesse,EQUIPO
Excelsior,EQUIPO
Estoril,EQUIPO
Benfica,EQUIPO
San Lorenzo,EQUIPO
Newells Old Boys,EQUIPO
Deportivo Garcilaso,EQUIPO
Depor Cantolao,EQUIPO
Estudiantes Lp,EQUIPO
Godoy Cruz,EQUIPO
Lanus,EQUIPO
Defensa Justicia,EQUIPO
Coquimbo,EQUIPO
Union Espanola,EQUIPO
Atlanta Utd,EQUIPO
Columbus,EQUIPO
Orlando City,EQUIPO
New England,EQUIPO
Montreal,EQUIPO
Portland,EQUIPO
Dc United,EQUIPO
New York City,EQUIPO
Philadelphia,EQUIPO
Nashville Sc,EQUIPO
New York,EQUIPO
Toronto,EQUIPO
Inter Miami Cf,EQUIPO
Cincinnati,EQUIPO
Argentinos Jr,EQUIPO
Independiente,EQUIPO
Central Cordoba (se),EQUIPO
Ca Tigre,EQUIPO
Houston,EQUIPO
Colorado,EQUIPO
Chicago,EQUIPO
Charlotte Fc,EQUIPO
Minnesota Utd,EQUIPO
Los Angeles,EQUIPO
Dallas,EQUIPO
San Jose,EQUIPO
Austin Fc,EQUIPO
Los Angeles Fc,EQUIPO
Seattle,EQUIPO
Vancouver,EQUIPO
Cruz Azul,EQUIPO
Pumas Unam,EQUIPO
Zwolle,EQUIPO
Feyenoord,EQUIPO
Monza,EQUIPO
Salernitana,EQUIPO
Rizespor,EQUIPO
Samsunspor,EQUIPO
Marseille,EQUIPO
Le Havre,EQUIPO
Braunschweig,EQUIPO
Paderborn,EQUIPO
Holstein Kiel,EQUIPO
Elversberg,EQUIPO
Schalke 04,EQUIPO
Hertha,EQUIPO
Standard Liege,EQUIPO
Club Brugge,EQUIPO
Villarreal,EQUIPO
Las Palmas,EQUIPO
Vejle,EQUIPO
Hvidovre,EQUIPO
Nordsjaelland,EQUIPO
Odense,EQUIPO
Wolfsberger,EQUIPO
Sturm Graz,EQUIPO
Lask Linz,EQUIPO
Altach,EQUIPO
Ajax,EQUIPO
Az Alkmaar,EQUIPO
Fort Sittard,EQUIPO
Twente,EQUIPO
West Ham,EQUIPO
Newcastle,EQUIPO
Wolves,EQUIPO
Aston Villa,EQUIPO
Brighton,EQUIPO
Liverpool,EQUIPO
Lazio,EQUIPO
Atalanta,EQUIPO
Frosinone,EQUIPO
Verona,EQUIPO
Lyon,EQUIPO
Lorient,EQUIPO
Brest,EQUIPO
Toulouse,EQUIPO
Montpellier,EQUIPO
Clermont,EQUIPO
Besiktas,EQUIPO
Istanbulspor,EQUIPO
Varnamo,EQUIPO
Norrkoping,EQUIPO
Brommapojkarna,EQUIPO
Elfsborg,EQUIPO
Kalmar,EQUIPO
Malmo,EQUIPO
Leverkusen,EQUIPO
Cologne,EQUIPO
Antwerp,EQUIPO
Eupen,EQUIPO
Brondby,EQUIPO
Viborg,EQUIPO
Atletico Madrid,EQUIPO
Sociedad,EQUIPO
Spezia,EQUIPO
Pisa,EQUIPO
Como,EQUIPO
Cremonese,EQUIPO
Casa Pia,EQUIPO
Cf Estrela,EQUIPO
Famalicao,EQUIPO
Guimaraes,EQUIPO
Sparta Rotter,EQUIPO
Psv Eindhoven,EQUIPO
Austria Klagenfurt,EQUIPO
Salzburg,EQUIPO
Haugesund,EQUIPO
Stromsgodset,EQUIPO
Molde,EQUIPO
Bodo Glimt,EQUIPO
Sandefjord,EQUIPO
Ham Kam,EQUIPO
Stabaek,EQUIPO
Lillestrom,EQUIPO
Sarpsborg,EQUIPO
Rosenborg,EQUIPO
Tromso,EQUIPO
Aalesund,EQUIPO
Lens,EQUIPO
Lille,EQUIPO
Arsenal,EQUIPO
Manchester City,EQUIPO
Bayern,EQUIPO
Freiburg,EQUIPO
Varbergs,EQUIPO
Djurgarden,EQUIPO
Hammarby,EQUIPO
Hacken,EQUIPO
Copiapo,EQUIPO
Magallanes,EQUIPO
Kasimpasa,EQUIPO
Fenerbahce,EQUIPO
Hatayspor,EQUIPO
Konyaspor,EQUIPO
Midtjylland,EQUIPO
Randers,EQUIPO
Alaves,EQUIPO
Betis,EQUIPO
Celta,EQUIPO
Getafe,EQUIPO
Gent,EQUIPO
Genk,EQUIPO
Porto,EQUIPO
Portimonense,EQUIPO
Sint Truiden,EQUIPO
Union Saint-Gilloise,EQUIPO
Valerenga,EQUIPO
Brann,EQUIPO
Eintracht Frankfurt,EQUIPO
Heidenheim,EQUIPO
Union Santa Fe,EQUIPO
Sarmiento,EQUIPO
Instituto Cordoba,EQUIPO
Gimnasia La Plata,EQUIPO
Atletico Grau,EQUIPO
Alianza Atletico,EQUIPO
Aarhus,EQUIPO
Fc Copenhagen,EQUIPO
Toluca,EQUIPO
Queretaro,EQUIPO
Napoli,EQUIPO
Fiorentina,EQUIPO
Rennes,EQUIPO
Paris St Germain,EQUIPO
Cagliari,EQUIPO
Roma,EQUIPO
Granada,EQUIPO
Barcelona,EQUIPO
Sporting Lisbon,EQUIPO
Arouca,EQUIPO
River Plate,EQUIPO
Talleres,EQUIPO
Asociacion Deportiva Tarma,EQUIPO
Union Comercio,EQUIPO
Racing Club,EQUIPO
Platense,EQUIPO
Santos Laguna,EQUIPO
Club Leon,EQUIPO
Club Tijuana,EQUIPO
Atletico San Luis,EQUIPO
Arsenal Sarandi,EQUIPO
Banfield,EQUIPO
Barracas Central,EQUIPO
Colon Santa Fe,EQUIPO
Velez Sarsfield,EQUIPO
Atl Tucuman,EQUIPO
Belgrano,EQUIPO
Boca Juniors,EQUIPO
Latvia,EQUIPO
Armenia,EQUIPO
Faroe Islands,EQUIPO
Poland,EQUIPO
Cyprus,EQUIPO
Norway,EQUIPO
Croatia,EQUIPO
Turkey,EQUIPO
Israel,EQUIPO
Switzerland,EQUIPO
Albania,EQUIPO
Czech Rep,EQUIPO
Spain,EQUIPO
Scotland,EQUIPO
Belarus,EQUIPO
Romania,EQUIPO
Andorra,EQUIPO
Kosovo,EQUIPO
Colombia,EQUIPO
Uruguay,EQUIPO
Bolivia,EQUIPO
Ecuador,EQUIPO
Argentina,EQUIPO
Paraguay,EQUIPO
Chile,EQUIPO
Peru,EQUIPO
Brazil,EQUIPO
Venezuela,EQUIPO
Estonia,EQUIPO
Azerbaijan,EQUIPO
Holland,EQUIPO
France,EQUIPO
Rep Of Ireland,EQUIPO
Hellas,EQUIPO
Liechtenstein,EQUIPO
Bosnia-Herzeg.,EQUIPO
Iceland,EQUIPO
Luxembourg,EQUIPO
Austria,EQUIPO
Belgium,EQUIPO
Portugal,EQUIPO
Slovakia,EQUIPO
Hwaseong Fc,EQUIPO
Pocheon Fc,EQUIPO
Galatasaray,EQUIPO
Bayern,EQUIPO
Inter,EQUIPO
Salzburg,EQUIPO
Sevilla,EQUIPO
Arsenal,EQUIPO
Manchester Utd,EQUIPO
Fc Copenhagen,EQUIPO
Braga,EQUIPO
Real Madrid,EQUIPO
Lens,EQUIPO
Psv Eindhoven,EQUIPO
Union Berlin,EQUIPO
Napoli,EQUIPO
Benfica,EQUIPO
Sociedad,EQUIPO
Exeter,EQUIPO
Middlesbrough,EQUIPO
Mansfield,EQUIPO
Port Vale,EQUIPO
West Ham,EQUIPO
Arsenal,EQUIPO
Everton,EQUIPO
Burnley,EQUIPO
Chelsea,EQUIPO
Blackburn,EQUIPO
Bournemouth,EQUIPO
Liverpool,EQUIPO
Ipswich,EQUIPO
Fulham,EQUIPO
Manchester Utd,EQUIPO
Newcastle,EQUIPO
